#{"t_start": 1708157199.058616, "env_id": "None"}
r,l,t
50.441086,122,274.965677
50.441086,122,274.965677
50.441086,122,274.965677
50.441086,122,274.965677
50.441086,122,274.965677
50.441086,122,274.965677
43.776623,122,327.535291
42.161194,122,327.536291
28.82378,122,327.536291
46.655643,122,327.536291
36.666523,122,327.536291
23.20029,122,327.536291
38.818222,122,379.821118
33.69043,122,379.821118
53.586643,122,379.821118
48.537273,122,379.821118
36.74527,122,379.821118
41.72378,122,379.821118
39.287617,122,431.367037
4.2857375,122,431.367037
45.54853,122,431.367037
27.203035,122,431.367037
30.049765,122,431.367037
42.667496,122,431.367037
-13.360535,122,484.145756
9.117077,122,484.145852
10.442424,122,484.145852
7.1986547,122,484.145852
6.979373,122,484.145852
43.330975,122,484.145852
15.69846,122,551.634915
15.69846,122,551.634915
15.69846,122,551.634915
15.69846,122,551.634915
15.69846,122,551.634915
15.69846,122,551.634915
-8.085668,122,619.578361
45.195927,122,619.578361
17.584072,122,619.578361
39.86874,122,619.578361
46.497154,122,619.578361
11.544543,122,619.578361
17.22847,122,696.538714
21.45629,122,696.538714
40.922688,122,696.538714
15.937322,122,696.538714
46.08201,122,696.538714
4.5920014,122,696.538714
23.187021,122,774.424529
22.507347,122,774.424529
5.4749694,122,774.424529
40.13457,122,774.424529
30.003275,122,774.424529
38.666275,122,774.424529
40.49655,122,851.30848
48.467884,122,851.30848
52.980114,122,851.30848
40.701134,122,851.30848
34.347008,122,851.30848
20.82368,122,851.30848
54.27645,122,946.197997
54.27645,122,946.197997
54.27645,122,946.197997
54.27645,122,946.197997
54.27645,122,946.197997
54.27645,122,946.197997
51.752815,122,1024.208821
54.180508,122,1024.208821
40.811287,122,1024.208821
54.79268,122,1024.208821
56.405033,122,1024.208821
50.813362,122,1024.208821
46.19874,122,1104.371711
34.5015,122,1104.371711
52.907482,122,1104.371711
30.430298,122,1104.371711
52.89087,122,1104.371711
40.262592,122,1104.371711
29.153685,122,1183.487194
50.449528,122,1183.487194
53.16487,122,1183.487194
48.898624,122,1183.487194
10.588019,122,1183.487194
55.791817,122,1183.487194
62.62451,122,1262.561257
49.040104,122,1262.561257
63.374336,122,1262.561257
47.3186,122,1262.561257
54.47843,122,1262.561257
44.378498,122,1357.472339
44.378498,122,1357.47334
44.378498,122,1357.47334
44.378498,122,1357.47334
44.378498,122,1357.47334
44.378498,122,1357.47334
47.529484,122,1436.283334
29.603962,122,1436.283334
57.300762,122,1436.283334
38.445435,122,1436.283334
45.65943,122,1436.283334
51.069786,122,1513.191369
48.059322,122,1513.191369
60.53842,122,1513.191369
62.097187,122,1513.191369
45.335945,122,1513.191369
55.848755,122,1590.861352
40.743816,122,1590.861352
48.13653,122,1590.861352
48.647354,122,1590.861352
52.708668,122,1590.861352
725.8495,481,1658.51953
51.94907,122,1671.49229
60.800674,122,1671.49229
27.77661,122,1671.49229
36.577053,122,1671.49229
40.819786,122,1671.49229
70.50345,122,1767.111273
70.50345,122,1767.111273
70.50345,122,1767.111273
70.50345,122,1767.111273
70.50345,122,1767.111273
70.50345,122,1767.111273
26.593184,122,1846.869658
46.84636,122,1846.869658
37.877716,122,1846.869658
42.369957,122,1846.869658
38.674644,122,1846.869658
46.70771,122,1846.869658
59.01195,122,1926.927868
14.845639,122,1926.927868
23.971792,122,1926.927868
38.722416,122,1926.927868
44.24315,122,1926.927868
37.07612,122,1926.927868
41.790333,122,2006.597406
40.898636,122,2006.598406
31.021942,122,2006.598406
51.713135,122,2006.598406
50.157646,122,2006.598406
53.642906,122,2006.598406
30.624294,122,2086.865988
46.36499,122,2086.865988
41.38088,122,2086.865988
21.55439,122,2086.865988
27.935453,122,2086.865988
35.39437,122,2086.865988
71.92513,122,2183.530905
71.92513,122,2183.530905
71.92513,122,2183.530905
71.92513,122,2183.530905
71.92513,122,2183.530905
71.92513,122,2183.530905
44.732697,122,2263.693141
44.6506,122,2263.693141
44.114353,122,2263.693141
41.431778,122,2263.693141
33.382767,122,2263.693141
48.34432,122,2263.693141
18.40169,122,2343.810945
28.797806,122,2343.810945
30.831644,122,2343.810945
9.635502,122,2343.810945
14.717087,122,2343.810945
-4.7446856,122,2343.810945
15.391151,122,2424.065095
-9.948394,122,2424.065095
12.209051,122,2424.065095
23.480665,122,2424.065095
8.242789,122,2424.065095
17.777182,122,2424.065095
25.521748,122,2504.416896
16.401325,122,2504.416896
6.3371058,122,2504.416896
33.726456,122,2504.416896
20.43091,122,2504.416896
10.624043,122,2504.416896
91.23831,122,2601.696127
91.23831,122,2601.696127
91.23831,122,2601.696127
91.23831,122,2601.696127
91.23831,122,2601.696127
91.23831,122,2601.696127
3.091937,122,2682.169502
-13.822839,122,2682.169502
-15.1321,122,2682.169502
2.3533287,122,2682.169502
1.5554814,122,2682.169502
22.046963,122,2682.169502
51.02879,122,2762.258982
-7.388091,122,2762.258982
15.870684,122,2762.258982
8.628925,122,2762.258982
-31.280296,122,2762.258982
-1.1131735,122,2762.258982
14.959722,122,2842.352978
28.237835,122,2842.352978
43.368126,122,2842.352978
12.1405735,122,2842.352978
18.61098,122,2842.352978
14.259076,122,2842.352978
10.554142,122,2922.573727
25.510237,122,2922.573727
80.623146,122,2922.573727
12.253351,122,2922.573727
72.18532,122,2922.573727
22.605225,122,2922.573727
90.73213,122,3019.768541
90.73213,122,3019.768541
90.73213,122,3019.768541
90.73213,122,3019.768541
90.73213,122,3019.768541
90.73213,122,3019.768541
3.634264,122,3099.956614
7.0929604,122,3099.956614
35.638813,122,3099.956614
8.750829,122,3099.956614
-13.150755,122,3099.956614
46.67968,122,3099.956614
-16.591007,122,3180.479108
-9.312931,122,3180.479108
56.35419,122,3180.479108
58.46236,122,3180.479108
73.12417,122,3180.479108
24.174908,122,3180.479108
24.082003,122,3260.873703
41.563023,122,3260.873703
48.06168,122,3260.873703
45.493946,122,3260.873703
41.712402,122,3260.873703
11.072632,122,3260.873703
61.71654,122,3341.448435
35.889217,122,3341.448435
41.385063,122,3341.448435
25.607744,122,3341.448435
38.06383,122,3341.448435
42.022854,122,3341.448435
48.069324,122,3439.129973
48.069324,122,3439.129973
48.069324,122,3439.129973
48.069324,122,3439.129973
48.069324,122,3439.129973
48.069324,122,3439.129973
50.73015,122,3517.936082
47.733433,122,3517.936082
59.46484,122,3517.936082
50.698917,122,3517.936082
39.544292,122,3517.936082
57.429478,122,3595.463918
37.62494,122,3595.463918
50.26578,122,3595.463918
50.21391,122,3595.463918
13.914281,122,3595.463918
53.806103,122,3673.717812
8.749539,122,3673.717812
-6.366806,122,3673.717812
53.066914,122,3673.717812
33.152203,122,3673.717812
57.331448,440,3721.249986
-8.838708,122,3756.322288
15.605681,122,3756.322288
21.2819,122,3756.322288
83.76487,122,3756.322288
20.33054,122,3756.322288
18.79694,122,3851.050242
18.79694,122,3851.050242
18.79694,122,3851.050242
18.79694,122,3851.050242
18.79694,122,3851.050242
18.79694,122,3851.050242
38.54564,122,3930.218307
50.878464,122,3930.218307
52.71198,122,3930.218307
46.227566,122,3930.218307
39.993023,122,3930.218307
49.11621,122,3930.218307
43.45708,122,4010.716702
14.228218,122,4010.716702
36.921654,122,4010.716702
34.594166,122,4010.716702
50.71076,122,4010.716702
37.921524,122,4010.716702
39.680145,122,4088.917641
28.481731,122,4088.917641
50.695267,122,4088.917641
56.16352,122,4088.917641
29.277992,122,4088.917641
38.681145,122,4088.917641
-19.492983,122,4167.337416
42.33906,122,4167.337416
25.997444,122,4167.337416
44.967335,122,4167.337416
27.166668,122,4167.337416
47.255367,122,4167.337416
42.7745,122,4261.642844
42.7745,122,4261.642844
42.7745,122,4261.642844
42.7745,122,4261.642844
42.7745,122,4261.642844
42.7745,122,4261.642844
58.2643,122,4340.305275
49.97574,122,4340.305275
38.157104,122,4340.305275
58.07778,122,4340.305275
62.304253,122,4340.305275
13.704469,122,4340.305275
53.77873,122,4417.312724
50.71511,122,4417.312724
51.230762,122,4417.312724
55.879986,122,4417.312724
50.198524,122,4417.312724
26.701916,122,4417.312724
48.66539,122,4495.479761
62.05824,122,4495.479761
57.06674,122,4495.479761
61.881817,122,4495.479761
53.419476,122,4495.479761
46.864056,122,4495.479761
57.51704,122,4572.892164
56.52195,122,4572.892164
57.341927,122,4572.892164
49.244938,122,4572.892164
53.789253,122,4572.892164
50.656498,122,4572.892164
48.33044,122,4668.201306
48.33044,122,4668.201306
48.33044,122,4668.201306
48.33044,122,4668.201306
48.33044,122,4668.201306
48.33044,122,4668.201306
62.098896,122,4743.560002
59.327503,122,4743.560002
56.160286,122,4743.560002
53.272423,122,4743.560002
50.70216,122,4743.560002
58.393566,122,4819.562163
45.767506,122,4819.562163
42.530422,122,4819.562163
54.45796,122,4819.562163
50.58013,122,4819.562163
59.15158,122,4893.518109
56.936005,122,4893.518109
51.903027,122,4893.518109
61.453205,122,4893.518109
46.845196,122,4893.518109
2269.333,481,4959.222216
54.11662,122,4973.214232
63.49695,122,4973.214232
59.754086,122,4973.214232
56.833344,122,4973.214232
39.72689,122,4973.214232
72.21189,122,5065.596943
72.21189,122,5065.596943
72.21189,122,5065.596943
72.21189,122,5065.596943
72.21189,122,5065.596943
72.21189,122,5065.596943
58.83218,122,5144.827999
56.959858,122,5144.827999
64.57244,122,5144.827999
47.392754,122,5144.827999
55.076435,122,5144.827999
59.35142,122,5144.827999
60.42229,122,5221.350643
59.53627,122,5221.350643
53.945065,122,5221.350643
43.614822,122,5221.350643
62.79186,122,5221.350643
53.063908,122,5221.350643
61.303734,122,5300.687323
61.666332,122,5300.687323
56.565533,122,5300.687323
61.00144,122,5300.687323
55.27497,122,5300.687323
57.91072,122,5300.687323
55.098923,122,5377.203637
53.820755,122,5377.203637
58.180874,122,5377.203637
58.44757,122,5377.203637
59.93123,122,5377.203637
61.249504,122,5377.203637
71.48794,122,5473.379716
71.48794,122,5473.379716
71.48794,122,5473.379716
71.48794,122,5473.379716
71.48794,122,5473.379716
71.48794,122,5473.379716
54.612606,122,5549.871897
60.405766,122,5549.871897
57.795895,122,5549.871897
54.17368,122,5549.871897
53.45419,122,5549.871897
62.812874,122,5549.871897
45.747498,122,5629.34335
51.843227,122,5629.34335
58.734085,122,5629.34335
59.83609,122,5629.34335
57.052265,122,5629.34335
47.150703,122,5629.34335
50.69615,122,5705.936574
29.912321,122,5705.936574
52.05542,122,5705.936574
55.80184,122,5705.936574
38.322796,122,5705.936574
58.994698,122,5705.936574
55.443,122,5783.608533
53.58128,122,5783.608533
59.36903,122,5783.608533
54.965958,122,5783.608533
58.003483,122,5783.609035
73.38337,122,5876.03652
73.38337,122,5876.03652
73.38337,122,5876.03652
73.38337,122,5876.03652
73.38337,122,5876.03652
73.38337,122,5876.03652
57.112545,122,5955.136305
58.04272,122,5955.136305
57.59742,122,5955.136305
52.98797,122,5955.136305
60.469013,122,5955.136305
55.022846,122,5955.136305
55.587185,122,6031.773647
55.816944,122,6031.773647
54.719822,122,6031.773647
49.17605,122,6031.773647
52.213108,122,6031.773647
49.72695,122,6031.773647
43.071835,122,6110.881724
52.544968,122,6110.882649
48.708603,122,6110.882649
58.989166,122,6110.882649
61.1234,122,6110.882649
40.404774,122,6110.882649
62.104332,122,6187.092685
63.58973,122,6187.092685
65.539246,122,6187.093188
59.073425,122,6187.093188
22.399267,122,6187.093188
59.98853,122,6187.093188
67.689026,122,6283.048816
67.689026,122,6283.048816
67.689026,122,6283.048816
67.689026,122,6283.048816
67.689026,122,6283.048816
67.689026,122,6283.048816
50.88815,122,6359.776178
60.18179,122,6359.776178
44.636326,122,6359.776178
47.120647,122,6359.776178
27.668575,122,6359.776178
54.823837,122,6359.776178
65.750465,122,6439.132149
28.114267,122,6439.132149
62.020626,122,6439.132149
62.767532,122,6439.132149
53.802505,122,6439.132149
62.176826,122,6439.132149
40.8917,122,6515.293884
58.7079,122,6515.293884
55.924297,122,6515.293884
64.51184,122,6515.293884
47.024292,122,6515.293884
50.384247,122,6515.293884
40.45035,122,6594.812105
69.48763,122,6594.812105
63.0296,122,6594.812105
45.25463,122,6594.812105
58.706657,122,6594.812105
41.413006,122,6594.812105
63.64731,122,6687.734573
63.64731,122,6687.734573
63.64731,122,6687.734573
63.64731,122,6687.734573
63.64731,122,6687.734573
63.64731,122,6687.734573
24.276722,122,6766.23254
56.366165,122,6766.23254
65.173386,122,6766.23254
36.519215,122,6766.23254
47.34204,122,6766.23254
36.408016,122,6766.23254
61.262688,122,6841.713312
53.705505,122,6841.713312
60.723198,122,6841.713312
59.74468,122,6841.713312
51.952026,122,6841.713312
49.538834,122,6841.713312
50.58295,122,6919.519294
46.42989,122,6919.519294
62.08038,122,6919.519294
49.43427,122,6919.519294
63.03947,122,6919.519294
43.59386,122,6919.519294
40.647736,122,6995.463899
55.733173,122,6995.463899
46.990364,122,6995.463899
47.14378,122,6995.463899
53.83565,122,6995.463899
57.38516,122,6995.463899
62.56726,122,7091.539674
62.56726,122,7091.539674
62.56726,122,7091.539674
62.56726,122,7091.539674
62.56726,122,7091.539674
62.56726,122,7091.539674
52.404255,122,7167.483557
59.276432,122,7167.483557
53.766926,122,7167.483557
38.4614,122,7167.483557
47.62115,122,7167.483557
45.206284,122,7167.483557
39.493317,122,7246.278398
36.8332,122,7246.278398
61.668793,122,7246.278398
50.8346,122,7246.278398
52.97623,122,7246.278398
54.290176,122,7246.278398
47.34387,122,7322.423771
48.501644,122,7322.423771
57.47996,122,7322.423771
50.899467,122,7322.423771
44.723442,122,7322.423771
45.78541,122,7322.423771
39.63068,122,7401.32455
41.309715,122,7401.32455
60.78057,122,7401.32455
57.210545,122,7401.32455
49.91966,122,7401.32455
41.12392,122,7401.32455
54.412827,122,7494.975694
54.412827,122,7494.975694
54.412827,122,7494.975694
54.412827,122,7494.975694
54.412827,122,7494.975694
54.412827,122,7494.975694
41.19424,122,7573.3929
55.713192,122,7573.3929
31.648691,122,7573.3929
57.48834,122,7573.3929
15.424234,122,7573.3929
52.29934,122,7573.3929
49.337864,122,7647.799758
49.741245,122,7647.799758
24.461548,122,7647.799758
19.49917,122,7647.799758
29.486418,122,7647.799758
65.61075,122,7724.629395
50.40156,122,7724.629395
42.73909,122,7724.629395
64.31829,122,7724.629395
57.383854,122,7724.629395
50.96239,122,7798.220054
61.597546,122,7798.220054
65.98544,122,7798.220054
56.61906,122,7798.220054
52.676434,122,7798.220054
71.63754,122,7893.417234
71.63754,122,7893.417234
71.63754,122,7893.418235
71.63754,122,7893.418235
71.63754,122,7893.418235
71.63754,122,7893.418235
56.63142,122,7969.529509
43.21627,122,7969.529509
25.43875,122,7969.529509
48.166203,122,7969.529509
50.384037,122,7969.529509
56.683804,122,7969.529509
54.64641,122,8048.027536
58.274002,122,8048.027536
41.627945,122,8048.027536
31.905989,122,8048.027536
51.480026,122,8048.027536
55.83292,122,8048.027536
42.67468,122,8123.829672
49.844177,122,8123.829672
28.198353,122,8123.829672
46.124416,122,8123.829672
56.38253,122,8123.829672
48.31289,122,8123.829672
63.76634,122,8201.276482
59.571285,122,8201.276482
43.225063,122,8201.276482
55.170517,122,8201.276482
59.56228,122,8201.276482
59.396797,122,8201.276482
71.84913,122,8292.872818
71.84913,122,8292.872818
71.84913,122,8292.872818
71.84913,122,8292.872818
71.84913,122,8292.872818
71.84913,122,8292.872818
57.45555,122,8370.712947
54.654133,122,8370.712947
51.219837,122,8370.712947
61.764694,122,8370.712947
54.694984,122,8370.712947
33.780975,122,8370.712947
51.1063,122,8445.41996
56.05382,122,8445.41996
40.165787,122,8445.41996
56.11296,122,8445.41996
50.754986,122,8445.41996
62.52501,122,8445.41996
53.04202,122,8522.812675
42.11605,122,8522.812675
51.930992,122,8522.812675
50.49761,122,8522.812675
55.034344,122,8522.812675
50.821785,122,8522.812675
26.806538,122,8595.562031
49.6246,122,8595.562031
60.24375,122,8595.562031
58.94524,122,8595.562031
50.3847,122,8595.562031
76.38618,122,8687.591472
76.38618,122,8687.591472
76.38618,122,8687.591472
76.38618,122,8687.591472
76.38618,122,8687.591472
76.38618,122,8687.591472
61.495865,122,8760.549509
52.26981,122,8760.549509
53.324867,122,8760.549509
59.204502,122,8760.549509
52.644203,122,8760.549509
54.232933,122,8760.549509
49.279552,122,8834.833705
45.74558,122,8834.833705
61.507046,122,8834.833705
57.17665,122,8834.833705
40.827236,122,8834.833705
57.225487,122,8906.847354
38.301857,122,8906.847354
58.49398,122,8906.847354
49.671852,122,8906.847354
49.713238,122,8906.847354
59.704327,122,8980.56039
52.745052,122,8980.56039
45.67852,122,8980.56039
44.433987,122,8980.56039
58.71219,122,8980.56039
77.486946,122,9070.704232
77.486946,122,9070.704232
77.486946,122,9070.704232
77.486946,122,9070.704232
77.486946,122,9070.704232
77.486946,122,9070.704232
55.68052,122,9143.653919
50.03255,122,9143.653919
45.66251,122,9143.653919
61.732243,122,9143.653919
34.03684,122,9210.648905
63.764233,122,9210.648905
63.22501,122,9210.648905
52.894604,122,9278.296534
61.851505,122,9278.296534
61.129612,122,9278.296534
35.81333,436,9317.440444
1176.2426,481,9344.037126
60.467987,122,9353.336217
37.386135,122,9353.336217
47.254562,122,9353.336217
73.65755,122,9442.65791
73.65755,122,9442.65791
73.65755,122,9442.65791
73.65755,122,9442.65791
73.65755,122,9442.65791
73.65755,122,9442.65791
62.117283,122,9517.522542
52.984562,122,9517.522542
57.5086,122,9517.522542
56.07586,122,9517.522542
47.228424,122,9517.522542
54.916042,122,9517.522542
53.22727,122,9590.676371
28.254332,122,9590.676371
40.676125,122,9590.676371
56.99544,122,9590.676371
44.596203,122,9660.12568
62.842712,122,9660.12568
56.010456,122,9660.12568
55.95216,122,9729.659396
47.133278,122,9729.659396
29.563976,122,9729.659396
55.57313,122,9819.212266
55.57313,122,9819.212266
55.57313,122,9819.212266
55.57313,122,9819.212266
55.57313,122,9819.212266
55.57313,122,9819.212266
51.973698,122,9894.851655
60.567657,122,9894.851655
55.489407,122,9894.851655
20.535051,122,9894.851655
46.0623,122,9894.851655
53.669575,122,9966.708103
49.25943,122,9966.708103
59.929928,122,9966.708103
47.81677,122,9966.708103
56.594193,122,9966.708103
51.433334,122,10039.317822
58.276165,122,10039.317822
61.877148,122,10039.317822
55.99748,122,10039.317822
1291.0221,481,10101.885958
53.06715,122,10113.097392
57.49341,122,10113.097392
55.37028,122,10113.097392
66.02681,122,10113.097392
71.11378,122,10204.154617
71.11378,122,10204.154617
71.11378,122,10204.154617
71.11378,122,10204.154617
71.11378,122,10204.154617
71.11378,122,10204.154617
61.82537,122,10277.603928
36.755028,122,10277.603928
32.824295,122,10277.603928
44.820923,122,10277.603928
53.303284,122,10277.603928
62.434013,122,10350.199792
37.155777,122,10350.200792
57.573334,122,10350.200792
46.792336,122,10350.200792
53.148365,122,10420.983036
53.24066,122,10420.983036
45.163937,122,10420.983036
58.34869,122,10420.983036
2312.0095,481,10484.257037
33.116577,122,10495.745109
22.650452,122,10495.745109
50.521675,122,10495.745109
-5.819733,122,10495.746109
62.839718,122,10585.872729
62.839718,122,10585.872729
62.839718,122,10585.872729
62.839718,122,10585.872729
62.839718,122,10585.872729
62.839718,122,10585.872729
35.78497,122,10658.385046
18.459991,122,10658.385046
61.68619,122,10658.385046
30.925417,122,10658.385046
57.619602,122,10729.144194
46.90121,122,10729.144194
56.561905,122,10729.144194
49.61764,122,10729.144194
30.97109,122,10799.983347
57.7723,122,10799.983347
45.188847,122,10799.983347
51.659653,122,10799.983347
1578.7489,481,10864.949953
893.89435,481,10864.949953
48.93972,122,10876.020469
66.248505,122,10876.020469
40.58193,122,10876.020469
31.789476,122,10876.020469
31.45101,122,10966.144429
31.45101,122,10966.144429
31.45101,122,10966.144429
31.45101,122,10966.144429
31.45101,122,10966.144429
31.45101,122,10966.144429
36.039886,122,11038.082024
32.347633,122,11038.082024
-43.451508,122,11038.082024
24.456081,122,11105.356646
46.71155,122,11105.356646
52.7684,122,11105.356646
34.6575,122,11174.489917
43.25316,122,11174.489917
26.482054,122,11174.489917
24.259085,446,11219.180124
1737.5538,481,11242.640511
2764.561,481,11242.640511
63.655334,122,11251.779512
30.66607,122,11251.779512
11.315704,122,11251.779512
65.666176,122,11341.325682
65.666176,122,11341.325682
65.666176,122,11341.325682
65.666176,122,11341.325682
65.666176,122,11341.325682
65.666176,122,11341.325682
42.13338,122,11416.781985
42.89888,122,11416.781985
47.89703,122,11416.781985
61.634903,122,11416.781985
61.371426,122,11416.781985
45.415577,122,11416.781985
52.62071,122,11491.779993
23.726383,122,11491.779993
26.742313,122,11491.779993
45.87283,122,11491.779993
22.680595,122,11491.779993
61.69694,122,11491.779993
32.380466,122,11566.359744
32.10388,122,11566.359744
37.108337,122,11566.359744
54.34459,122,11566.359744
19.329878,122,11566.359744
35.876858,122,11640.465795
34.755234,122,11640.465795
6.9734507,122,11640.465795
33.659794,122,11640.465795
57.02185,122,11640.465795
24.676683,122,11732.343395
24.676683,122,11732.343395
24.676683,122,11732.343395
24.676683,122,11732.343395
24.676683,122,11732.343395
24.676683,122,11732.343395
18.049524,122,11807.856873
23.035524,122,11807.856873
27.979462,122,11807.856873
67.4484,122,11807.856873
45.219227,122,11807.856873
35.027958,122,11807.856873
41.279915,122,11881.786816
54.38296,122,11881.786816
28.983597,122,11881.786816
12.849345,122,11881.786816
49.33309,122,11881.786816
42.73941,122,11954.73434
45.817417,122,11954.73434
42.938114,122,11954.735346
40.12885,122,11954.735346
30.189604,122,11954.735346
20.548786,122,12026.0041
64.4998,122,12026.0041
37.483513,122,12026.0041
64.397705,122,12026.0041
93.441025,122,12116.748148
93.441025,122,12116.748148
93.441025,122,12116.748148
93.441025,122,12116.748148
93.441025,122,12116.748148
93.441025,122,12116.748148
35.310898,122,12192.592109
70.34521,122,12192.592109
31.30333,122,12192.592109
65.032486,122,12192.592109
35.8074,122,12192.592109
61.140778,122,12192.592109
29.972637,122,12268.537323
28.395227,122,12268.537323
37.895805,122,12268.537323
9.739217,122,12268.537323
57.89133,122,12268.537323
41.438797,122,12268.537323
73.66721,122,12344.321126
72.09422,122,12344.321126
73.20971,122,12344.321126
76.75049,122,12344.321126
73.09031,122,12344.321126
24.167465,122,12344.321126
49.434692,122,12418.309859
26.686565,122,12418.309859
69.95665,122,12418.309859
69.4066,122,12418.309859
52.039043,122,12418.309859
90.163216,122,12510.771663
90.163216,122,12510.771663
90.163216,122,12510.771663
90.163216,122,12510.771663
90.163216,122,12510.771663
90.163216,122,12510.771663
66.83829,122,12586.463844
68.81654,122,12586.463844
67.637596,122,12586.463844
25.007198,122,12586.463844
74.39404,122,12586.463844
20.48529,122,12586.463844
52.60543,122,12660.734369
74.598404,122,12660.734369
13.826508,122,12660.734369
69.00522,122,12660.734369
70.072655,122,12660.734369
37.252773,122,12734.599967
71.29904,122,12734.599967
72.354515,122,12734.599967
25.731812,122,12734.599967
63.94102,122,12734.599967
7.8033237,122,12807.970531
54.09591,122,12807.971531
74.90529,122,12807.971531
56.793716,122,12807.971531
14.428626,122,12807.971531
91.86603,122,12899.329981
91.86603,122,12899.329981
91.86603,122,12899.329981
91.86603,122,12899.329981
91.86603,122,12899.329981
91.86603,122,12899.329981
61.21206,122,12975.869001
71.19902,122,12975.869001
56.832867,122,12975.869001
18.834158,122,12975.869001
61.98601,122,12975.869001
75.7103,122,12975.869001
61.82903,122,13050.922095
31.056707,122,13050.922095
39.87988,122,13050.922095
31.51815,122,13050.922095
34.0099,122,13050.923095
75.07408,122,13050.923095
44.345497,122,13125.887486
52.197575,122,13125.887486
51.894917,122,13125.887486
2.4578605,122,13125.887486
28.35793,122,13125.887486
70.815056,122,13197.555059
26.915508,122,13197.555059
71.94368,122,13197.555059
21.257921,122,13197.555059
70.06162,122,13197.555059
92.78383,122,13288.170281
92.78383,122,13288.170281
92.78383,122,13288.170281
92.78383,122,13288.170281
92.78383,122,13288.170281
92.78383,122,13288.170281
20.75286,122,13361.660895
48.284496,122,13361.660895
67.47436,122,13361.660895
67.42762,122,13361.660895
67.706665,122,13361.660895
82.509865,171,13392.477006
74.21566,122,13438.85215
55.45967,122,13438.85215
49.712296,122,13438.85215
71.20201,122,13438.85215
36.076977,122,13438.85215
73.451775,122,13469.19763
72.80251,122,13514.528356
56.785606,122,13514.528356
20.428267,122,13514.528356
69.2313,122,13514.528356
52.365337,122,13514.528356
45.748,122,13545.462085
31.62179,122,13589.748709
36.788105,122,13589.748709
41.296013,122,13589.748709
29.044937,122,13589.748709
78.00602,122,13680.051716
78.00602,122,13680.051716
78.00602,122,13680.051716
78.00602,122,13680.051716
78.00602,122,13680.051716
78.00602,122,13680.051716
32.050667,122,13751.864815
57.375717,122,13751.864815
59.980034,122,13751.864815
67.38412,122,13751.864815
67.88403,122,13823.484134
34.857384,122,13823.484134
32.70185,122,13823.484134
52.879314,122,13823.484134
56.988987,122,13890.054786
55.62722,122,13890.054786
742.24164,481,13952.714171
1110.5015,481,13952.714171
57.86897,122,13961.669715
27.54349,122,13961.669715
89.281265,122,14048.475457
89.281265,122,14048.475457
89.281265,122,14048.475457
89.281265,122,14048.475457
89.281265,122,14048.475457
89.281265,122,14048.475457
19.165823,122,14125.764347
1.7621257,122,14125.764347
53.202755,122,14125.764347
45.521393,122,14125.764347
35.735756,122,14125.764347
46.13365,122,14125.764347
46.28859,122,14198.065556
54.795807,122,14198.065556
30.629843,122,14198.065556
48.18915,122,14198.065556
53.645966,122,14198.065556
33.40684,122,14198.065556
62.322605,122,14274.422942
72.93166,122,14274.422942
20.125832,122,14274.422942
47.280853,122,14274.422942
42.67845,122,14274.422942
56.863316,122,14274.422942
59.93723,122,14346.839972
43.658604,122,14346.839972
49.567303,122,14346.839972
69.78145,122,14346.839972
34.98984,122,14346.839972
34.23342,122,14346.839972
77.631546,122,14440.010774
77.631546,122,14440.010774
77.631546,122,14440.010774
77.631546,122,14440.010774
77.631546,122,14440.010774
77.631546,122,14440.010774
70.32913,122,14512.37505
11.963009,122,14512.37505
55.243076,122,14512.37505
24.871374,122,14512.37505
50.855648,122,14512.37505
42.782124,122,14512.37505
27.418652,122,14588.412871
63.489643,122,14588.412871
10.301855,122,14588.412871
24.076866,122,14588.412871
53.326385,122,14588.412871
55.275127,122,14588.412871
57.5991,122,14658.672239
45.044758,122,14658.672239
43.97981,122,14658.672239
20.519339,122,14727.594241
28.062922,122,14727.594241
27.789648,122,14727.594241
32.31307,122,14816.689025
32.31307,122,14816.689025
32.31307,122,14816.689025
32.31307,122,14816.689025
32.31307,122,14816.689025
32.31307,122,14816.689025
33.59448,122,14893.145282
40.43851,122,14893.145282
52.065655,122,14893.145282
18.2689,122,14893.145282
20.457153,122,14893.145282
40.5758,122,14964.111993
31.120108,122,14964.111993
37.927822,122,14964.111993
62.944065,122,14964.111993
36.504913,122,15036.609585
32.060623,122,15036.609585
42.367973,122,15036.609585
27.185223,122,15036.609585
1508.6991,481,15100.450795
36.874077,122,15110.797195
76.56493,122,15110.797195
69.21971,122,15110.797195
28.598064,122,15110.797195
89.99524,122,15202.032588
89.99524,122,15202.032588
89.99524,122,15202.032588
89.99524,122,15202.032588
89.99524,122,15202.032588
89.99524,122,15202.032588
11.916562,122,15277.484499
33.394653,122,15277.484499
40.92417,122,15277.484499
10.385715,122,15277.484499
6.0542526,122,15277.484499
36.088814,122,15277.484499
13.177168,122,15354.537471
15.305888,122,15354.537471
41.74206,122,15354.537471
70.96679,122,15354.537471
77.825195,122,15354.537471
72.83156,122,15354.537471
23.997946,122,15430.180241
72.98168,122,15430.180241
59.172543,122,15430.180241
51.988068,122,15430.180241
75.72853,122,15430.180241
60.586006,122,15430.180241
72.87727,122,15507.143224
0.12717345,122,15507.143224
25.605486,122,15507.143224
4.5197883,122,15507.143224
13.3278265,122,15507.143224
77.68491,122,15507.143224
90.891464,122,15599.467466
90.891464,122,15599.467466
90.891464,122,15599.467466
90.891464,122,15599.467466
90.891464,122,15599.467466
90.891464,122,15599.467466
73.9349,122,15673.409138
24.037884,122,15673.409138
36.783337,122,15673.409138
50.26641,122,15673.409138
74.79296,122,15742.297364
75.744774,122,15742.297364
-0.07536024,122,15742.297364
69.82289,122,15812.20033
-8.398365,122,15812.20033
61.50993,122,15812.20033
1007.52234,481,15876.193868
1254.9447,481,15876.193868
34.05661,122,15885.5823
25.228222,122,15885.5823
62.007793,122,15885.5823
87.71353,122,15976.260688
87.71353,122,15976.260688
87.71353,122,15976.260688
87.71353,122,15976.260688
87.71353,122,15976.260688
87.71353,122,15976.260688
11.8080225,122,16052.657179
62.39718,122,16052.657179
46.032284,122,16052.657179
78.16938,122,16052.657179
67.029106,122,16052.657179
49.862267,122,16052.657179
28.521502,122,16129.000891
3.9129593,122,16129.000891
43.571728,122,16129.000891
39.816086,122,16129.000891
18.72308,122,16129.000891
-10.356852,122,16129.000891
26.855251,122,16205.181279
25.142208,122,16205.182783
40.001987,122,16205.182783
54.643272,122,16205.182783
12.066813,122,16205.182783
57.33225,122,16205.182783
45.667225,122,16281.367745
42.715057,122,16281.367745
65.68453,122,16281.367745
31.902603,122,16281.367745
60.55469,122,16281.367745
71.07574,122,16281.367745
89.500946,122,16373.343429
89.500946,122,16373.343429
89.500946,122,16373.343429
89.500946,122,16373.343429
89.500946,122,16373.343429
89.500946,122,16373.343429
20.314398,122,16446.560661
57.60572,122,16446.560661
25.985659,122,16446.560661
26.021948,122,16446.560661
52.365402,122,16446.560661
48.277534,122,16518.504225
37.707047,122,16518.504225
42.89097,122,16518.505224
72.77717,122,16518.505224
0.28558493,122,16518.505224
37.166527,122,16591.057448
39.96074,122,16591.057448
61.719994,122,16591.057448
62.520035,122,16591.057448
42.976086,122,16591.057448
1297.5869,481,16654.23893
20.09259,122,16665.191553
-3.4721675,122,16665.191553
22.522135,122,16665.191553
39.97785,122,16665.191553
92.594,122,16754.493153
92.594,122,16754.493153
92.594,122,16754.493153
92.594,122,16754.493153
92.594,122,16754.493153
92.594,122,16754.493153
48.179752,122,16829.27114
50.9013,122,16829.27114
33.135582,122,16829.27114
60.38008,122,16829.27114
18.316004,122,16829.27114
55.151207,122,16829.27114
55.862408,122,16903.362168
27.700384,122,16903.362168
30.16335,122,16903.362168
52.324238,122,16903.362168
19.47147,122,16903.362168
33.94944,122,16903.362168
79.222046,122,16978.143034
66.81114,122,16978.143034
44.50376,122,16978.143034
49.28827,122,16978.143034
71.83087,122,16978.143034
39.667007,122,16978.143034
58.504337,122,17052.33244
37.013126,122,17052.33244
35.40853,122,17052.33244
40.061913,122,17052.33244
50.4482,122,17052.33244
35.238544,122,17052.33244
63.9008,122,17143.462551
63.9008,122,17143.462551
63.9008,122,17143.462551
63.9008,122,17143.462551
63.9008,122,17143.462551
63.9008,122,17143.462551
49.45182,122,17216.627629
51.720444,122,17216.627629
54.18798,122,17216.627629
53.177753,122,17216.627629
45.17622,122,17216.627629
55.606747,122,17288.569191
62.945522,122,17288.569191
48.157944,122,17288.569191
56.87156,122,17288.569191
58.933846,122,17288.569191
17.778786,122,17360.289874
30.942335,122,17360.289874
54.858383,122,17360.289874
59.276592,122,17360.289874
22.452394,122,17360.289874
1047.0168,481,17423.369044
27.7746,122,17436.615001
40.054092,122,17436.615001
32.910805,122,17436.615001
64.686325,122,17436.615001
62.351067,122,17436.615001
72.00969,122,17525.973795
72.00969,122,17525.973795
72.00969,122,17525.973795
72.00969,122,17525.973795
72.00969,122,17525.973795
72.00969,122,17525.973795
28.496563,122,17600.230602
55.923477,122,17600.230602
43.798027,122,17600.230602
44.56891,122,17600.230602
20.704197,122,17600.230602
55.087135,122,17669.71491
15.7206745,122,17669.71491
40.71764,122,17669.71491
59.97244,122,17736.606188
54.374237,122,17736.606188
-30.784578,468,17791.351306
52.522476,122,17804.887102
78.74636,122,17893.735071
78.74636,122,17893.735071
78.74636,122,17893.735071
78.74636,122,17893.735071
78.74636,122,17893.735071
78.74636,122,17893.735071
9.542359,122,17967.701443
30.627287,122,17967.701443
23.64494,122,17967.701443
62.584522,122,17967.701443
58.113853,122,17967.701443
36.681778,122,18038.002618
64.47235,122,18038.002618
49.56262,122,18038.002618
36.820362,122,18038.002618
48.665756,122,18107.935623
63.87844,122,18107.935623
58.03464,122,18107.935623
50.918007,122,18107.935623
945.58655,481,18170.45922
53.163345,122,18181.483409
63.704765,122,18181.483409
0.99973637,122,18181.483409
54.463337,122,18181.483409
77.07976,122,18270.419248
77.07976,122,18270.419248
77.07976,122,18270.419248
77.07976,122,18270.419248
77.07976,122,18270.419248
77.07976,122,18270.419248
57.0157,122,18343.124173
49.378994,122,18343.124173
59.741436,122,18343.124173
12.180101,122,18343.124173
49.37654,122,18411.977251
56.396614,122,18411.977251
38.13313,122,18411.977251
59.094727,122,18411.977251
47.663364,122,18481.859015
53.137905,122,18481.859015
53.56619,122,18481.859015
64.644424,122,18481.859015
9.581679,406,18507.312932
2542.236,481,18547.868426
30.41546,122,18557.766773
65.83798,122,18557.766773
52.05429,122,18557.766773
77.92857,122,18645.858854
77.92857,122,18645.858854
77.92857,122,18645.858854
77.92857,122,18645.858854
77.92857,122,18645.858854
77.92857,122,18645.858854
59.002758,122,18719.643912
47.26898,122,18719.644912
55.020317,122,18719.644912
51.696163,122,18719.644912
56.99987,122,18719.644912
47.165916,122,18719.644912
60.203484,122,18788.748303
58.765568,122,18788.748303
31.11306,122,18853.050549
29.876783,122,18853.050549
48.776707,122,18918.920851
57.486286,122,18918.920851
78.20726,122,19005.894703
78.20726,122,19005.894703
78.20726,122,19005.894703
78.20726,122,19005.894703
78.20726,122,19005.894703
78.20726,122,19005.894703
59.036324,122,19080.110738
58.93427,122,19080.110738
42.353397,122,19080.110738
28.137596,122,19080.110738
63.025852,122,19080.110738
56.420033,122,19148.509491
48.549606,122,19148.509491
53.807194,122,19148.509491
39.643238,122,19215.232061
60.109932,122,19215.232061
1566.8644,481,19276.176773
41.176132,122,19284.274325
53.04023,122,19284.274325
79.28257,122,19373.304806
79.28257,122,19373.304806
79.28257,122,19373.304806
79.28257,122,19373.304806
79.28257,122,19373.305806
79.28257,122,19373.305806
57.775085,122,19446.693711
57.884796,122,19446.69471
59.84076,122,19446.69471
59.794243,122,19446.69471
67.53733,122,19446.69471
60.492226,122,19517.236731
45.437687,122,19517.236731
55.9643,122,19517.236731
62.655636,122,19517.236731
51.653763,122,19583.123781
1388.6892,481,19644.255461
56.980244,122,19651.396393
80.27641,122,19740.561073
80.27641,122,19740.561073
80.27641,122,19740.561073
80.27641,122,19740.561073
80.27641,122,19740.561073
80.27641,122,19740.561073
44.61461,122,19815.262008
49.311832,122,19815.262008
54.382893,122,19815.262008
65.42655,122,19815.262008
59.498405,122,19815.262008
67.09373,122,19884.072143
54.236847,122,19884.072143
59.73517,122,19884.072143
55.24818,122,19952.004214
60.409588,122,19952.004214
54.3072,122,19952.004214
723.43097,481,20013.775002
64.702484,122,20023.039761
67.65126,122,20023.039761
65.73892,122,20023.039761
71.602135,122,20110.623455
71.602135,122,20110.623455
71.602135,122,20110.623455
71.602135,122,20110.623455
71.602135,122,20110.623455
71.602135,122,20110.623455
51.958687,122,20182.058323
57.708607,122,20182.058323
65.07245,122,20182.058323
55.814106,122,20182.058323
51.749798,122,20252.396951
51.35408,122,20252.396951
55.5669,122,20252.396951
33.360504,122,20252.396951
44.36275,122,20321.688824
54.79972,122,20321.688824
-0.44800285,122,20321.688824
58.65038,122,20321.688824
22.078428,459,20373.009549
1994.4266,481,20387.59447
34.966293,122,20399.266025
60.40516,122,20399.266025
62.58221,122,20399.266025
62.697186,122,20399.266025
77.40384,122,20487.203345
77.40384,122,20487.203345
77.40384,122,20487.203345
77.40384,122,20487.203345
77.40384,122,20487.203345
77.40384,122,20487.203345
40.34104,122,20563.537857
48.003963,122,20563.537857
51.913544,122,20563.537857
58.321396,122,20563.537857
58.287243,122,20563.537857
66.64085,122,20563.537857
61.741714,122,20636.71348
60.35715,122,20636.71348
56.34154,122,20636.71348
61.507378,122,20636.71348
60.826904,122,20636.71348
63.48175,122,20636.71348
60.33071,122,20710.869309
37.20142,122,20710.869309
34.248703,122,20710.869309
58.767338,122,20710.869309
25.072746,122,20710.869309
63.084846,122,20781.736701
39.66129,122,20781.736701
64.786674,122,20781.736701
59.283737,122,20781.736701
47.295227,122,20781.736701
73.83109,122,20872.027908
73.83109,122,20872.027908
73.83109,122,20872.027908
73.83109,122,20872.027908
73.83109,122,20872.027908
73.83109,122,20872.027908
55.422302,122,20945.817675
55.097847,122,20945.817675
50.476295,122,20945.817675
62.79857,122,20945.817675
47.626923,122,20945.817675
55.339973,122,20945.817675
61.977684,122,21018.924289
42.211464,122,21018.924289
42.641457,122,21018.924289
53.071907,122,21018.924289
51.63253,122,21018.924289
38.384136,122,21091.016376
57.853863,122,21091.016376
22.977072,122,21091.016376
49.781197,122,21091.016376
34.83755,122,21091.016376
64.29559,122,21162.872108
51.37639,122,21162.872108
17.841244,122,21162.872108
62.759434,122,21162.872108
65.62464,122,21162.872108
80.7322,122,21252.817183
80.7322,122,21252.817183
80.7322,122,21252.817183
80.7322,122,21252.817183
80.7322,122,21252.817183
80.7322,122,21252.817183
61.287132,122,21325.94906
57.91879,122,21325.94906
65.59161,122,21325.94906
66.11214,122,21325.950059
66.45648,122,21325.950059
48.495155,122,21397.583715
48.07108,122,21397.583715
25.771776,122,21397.583715
41.092854,122,21397.583715
51.845966,122,21397.583715
58.70844,122,21470.036219
51.922577,122,21470.036219
40.17025,122,21470.036219
45.675865,122,21470.036219
42.649975,122,21470.036219
1235.5764,481,21533.95673
57.313457,122,21546.48191
45.10558,122,21546.48191
53.61934,122,21546.48191
12.871612,122,21546.48191
37.82939,122,21546.48191
69.76659,122,21630.782017
69.76659,122,21630.782522
69.76659,122,21630.782522
69.76659,122,21630.782522
69.76659,122,21630.782522
69.76659,122,21630.782522
53.617485,122,21691.871941
35.42757,122,21691.871941
26.033905,122,21691.871941
65.43725,122,21691.871941
-4.619909,122,21691.871941
40.635063,122,21691.871941
52.926014,122,21762.884754
57.60816,122,21762.884754
52.31899,122,21762.885257
46.601208,122,21762.885257
16.978777,122,21762.885257
61.979885,122,21834.132593
57.11362,122,21834.132593
24.598873,122,21834.132593
39.57413,122,21834.132593
53.080254,122,21834.132593
61.97007,122,21905.33034
64.19598,122,21905.33034
57.230026,122,21905.33034
38.92344,122,21905.33034
49.578533,122,21905.33034
64.66471,122,21994.752674
64.66471,122,21994.752674
64.66471,122,21994.752674
64.66471,122,21994.752674
64.66471,122,21994.752674
64.66471,122,21994.752674
51.883522,122,22068.819644
42.324802,122,22068.819644
43.03194,122,22068.819644
41.250877,122,22068.819644
51.917725,122,22068.819644
41.317074,122,22068.819644
48.094425,122,22142.49623
19.30735,122,22142.49623
57.9249,122,22142.49623
38.724297,122,22142.49623
27.836697,122,22142.49623
35.74413,122,22142.49623
33.54162,122,22215.939677
48.30015,122,22215.939677
30.353848,122,22215.939677
37.430008,122,22215.939677
32.388462,122,22215.940676
17.693785,122,22215.940676
21.613516,122,22289.772113
51.349426,122,22289.772113
47.49522,122,22289.772113
51.334843,122,22289.772113
26.668053,122,22289.772113
31.751091,122,22289.772113
58.260105,122,22379.917799
58.260105,122,22379.917799
58.260105,122,22379.917799
58.260105,122,22379.917799
58.260105,122,22379.917799
58.260105,122,22379.917799
49.321884,122,22453.773521
20.575432,122,22453.773521
23.477673,122,22453.773521
46.371536,122,22453.773521
30.94041,122,22453.773521
52.640827,122,22453.773521
48.35984,122,22526.38553
40.706387,122,22526.38553
60.8126,122,22526.38553
48.894794,122,22526.38553
52.883667,122,22526.38553
31.70141,122,22526.38553
38.351917,122,22601.371775
60.06159,122,22601.371775
37.087444,122,22601.371775
46.971317,122,22601.371775
42.455006,122,22601.371775
35.513657,122,22601.371775
12.328343,122,22674.745617
43.608788,122,22674.745617
25.540508,122,22674.745617
54.005135,122,22674.745617
37.40054,122,22674.745617
41.55978,122,22674.745617
69.34788,122,22765.048458
69.34788,122,22765.048458
69.34788,122,22765.048458
69.34788,122,22765.048458
69.34788,122,22765.048458
69.34788,122,22765.048458
58.074593,122,22836.841319
22.047218,122,22836.841319
63.90152,122,22836.841319
30.606737,122,22836.841319
49.13341,122,22906.104615
37.08263,122,22906.104615
54.36507,122,22906.104615
11.368392,122,22906.104615
50.21132,122,22968.251832
52.621773,122,22968.251832
42.768185,122,22968.251832
45.55031,122,22968.251832
89.89302,449,23000.073899
1484.4309,481,23014.362133
38.963657,122,23023.229572
57.312294,122,23023.229572
10.959964,122,23023.229572
39.008514,122,23023.229572
80.22588,122,23106.413468
80.22588,122,23106.413468
80.22588,122,23106.413468
80.22588,122,23106.413468
80.22588,122,23106.413468
80.22588,122,23106.413468
61.7502,122,23183.635081
58.15686,122,23183.635081
39.94858,122,23183.635081
48.317924,122,23183.635081
27.062073,122,23183.635081
54.903748,122,23183.635081
41.034958,122,23258.405818
51.853836,122,23258.405818
50.487926,122,23258.405818
55.09793,122,23258.405818
49.02975,122,23258.405818
64.83492,122,23258.405818
54.831493,122,23332.542194
45.81972,122,23332.543193
25.225498,122,23332.543193
46.98824,122,23332.543193
56.237846,122,23332.543193
63.027946,122,23405.955719
38.25325,122,23405.955719
57.02686,122,23405.955719
43.379856,122,23405.955719
54.78852,122,23405.955719
78.52404,122,23497.657331
78.52404,122,23497.657331
78.52404,122,23497.657331
78.52404,122,23497.657331
78.52404,122,23497.657331
78.52404,122,23497.657331
56.02001,122,23572.20951
49.04422,122,23572.20951
53.434963,122,23572.20951
42.55625,122,23572.20951
43.522396,122,23572.20951
60.430424,122,23644.035087
60.252125,122,23644.035087
64.161896,122,23644.035087
64.17371,122,23644.035087
23.22369,122,23715.958735
59.323982,122,23715.958735
60.43365,122,23715.958735
40.00827,122,23715.958735
17.555204,427,23752.087975
59.510963,122,23790.480827
53.819458,122,23790.480827
53.497414,122,23790.480827
60.41574,122,23790.480827
80.91499,122,23882.351461
80.91499,122,23882.351461
80.91499,122,23882.351461
80.91499,122,23882.351461
80.91499,122,23882.351461
80.91499,122,23882.351461
56.653248,122,23957.901574
54.3782,122,23957.901574
50.48243,122,23957.901574
48.036285,122,23957.901574
53.064926,122,23957.901574
54.58526,122,23957.901574
57.338093,122,24035.001059
59.12752,122,24035.001059
67.74926,122,24035.001059
53.04043,122,24035.001059
42.538616,122,24035.001059
20.835981,122,24035.001059
56.59079,122,24110.576244
49.510246,122,24110.576244
61.852497,122,24110.576244
55.172314,122,24110.576244
54.580547,122,24110.576244
63.980053,122,24110.576244
52.6359,122,24187.284196
39.77807,122,24187.284196
39.257698,122,24187.284196
55.634907,122,24187.284196
38.881073,122,24187.284196
61.589455,122,24187.284196
72.978355,122,24278.207895
72.978355,122,24278.207895
72.978355,122,24278.207895
72.978355,122,24278.207895
72.978355,122,24278.207895
72.978355,122,24278.207895
52.817654,122,24354.167134
62.630684,122,24354.167134
50.823967,122,24354.167134
35.325397,122,24354.167134
49.41732,122,24354.167134
64.95326,122,24354.167134
65.75639,122,24426.598197
20.800774,122,24426.598197
52.76203,122,24426.598197
65.75414,122,24426.598197
56.227814,122,24496.941346
36.492165,122,24496.941346
37.58722,122,24496.941346
31.640879,122,24496.941346
30.340471,122,24566.9934
54.526024,122,24566.9934
53.061676,122,24566.9934
54.649113,122,24566.9934
75.789635,122,24657.049468
75.789635,122,24657.049468
75.789635,122,24657.049468
75.789635,122,24657.049468
75.789635,122,24657.049468
75.789635,122,24657.049468
63.609272,122,24732.866915
47.13652,122,24732.866915
59.663803,122,24732.866915
64.680786,122,24732.866915
60.951134,122,24732.866915
61.369186,122,24732.866915
64.93265,122,24805.867291
58.58693,122,24805.867291
56.074593,122,24805.867291
61.512527,122,24805.867291
40.82052,122,24805.867291
60.609085,122,24877.905196
53.298325,122,24877.905196
42.26659,122,24877.905196
53.495716,122,24877.905196
21.838545,122,24947.140564
38.967026,122,24947.140564
62.288837,122,24947.140564
58.268044,122,24947.140564
80.09794,122,25039.646324
80.09794,122,25039.646324
80.09794,122,25039.646324
80.09794,122,25039.646324
80.09794,122,25039.646324
80.09794,122,25039.646324
9.164134,122,25115.798489
68.10088,122,25115.798489
53.83252,122,25115.798489
58.701473,122,25115.798489
59.774822,122,25115.798489
59.071693,122,25115.798489
57.367016,122,25191.900315
62.3032,122,25191.900315
57.74713,122,25191.900315
46.64901,122,25191.900315
45.848392,122,25191.900315
53.35864,122,25191.900315
66.56722,122,25265.696126
52.88217,122,25265.696126
66.92153,122,25265.696126
61.257023,122,25265.696126
65.36397,122,25265.696126
55.152676,122,25339.201272
54.665577,122,25339.201272
55.26785,122,25339.201272
32.890457,122,25339.201272
60.75806,122,25339.201272
82.49429,122,25429.424631
82.49429,122,25429.424631
82.49429,122,25429.424631
82.49429,122,25429.424631
82.49429,122,25429.424631
82.49429,122,25429.424631
60.52663,122,25505.578104
60.814724,122,25505.578104
55.720318,122,25505.578104
52.318607,122,25505.578104
59.3797,122,25505.578104
54.17987,122,25505.578104
42.47975,122,25580.542969
53.847675,122,25580.542969
58.83503,122,25580.542969
28.19427,122,25580.542969
53.142063,122,25580.542969
54.56487,122,25580.542969
59.853897,122,25656.832608
61.12877,122,25656.832608
54.42758,122,25656.832608
54.408924,122,25656.832608
63.81487,122,25656.832608
26.719269,122,25656.832608
54.49507,122,25731.511192
51.450256,122,25731.511192
58.232235,122,25731.511192
57.029835,122,25731.511192
58.634163,122,25731.511192
62.473118,122,25731.511192
73.85773,122,25825.066459
73.85773,122,25825.066459
73.85773,122,25825.066459
73.85773,122,25825.066459
73.85773,122,25825.066459
73.85773,122,25825.066459
45.359222,122,25896.761708
34.74769,122,25896.761708
43.405804,122,25896.761708
41.166843,122,25896.761708
39.84498,122,25966.077362
62.003937,122,25966.077362
59.43869,122,25966.077362
54.752636,122,26034.052523
50.79653,122,26034.052523
53.29212,122,26034.052523
1937.4563,481,26098.194538
1493.41,481,26098.194538
45.86251,122,26108.900261
44.13454,122,26108.900261
57.305565,122,26108.900261
77.31942,122,26197.7886
77.31942,122,26197.7886
77.31942,122,26197.7886
77.31942,122,26197.7886
77.31942,122,26197.7886
77.31942,122,26197.7886
42.947296,122,26274.703155
58.237682,122,26274.703155
57.022877,122,26274.703155
58.59557,122,26274.703155
66.82425,122,26274.703155
61.748238,122,26274.703155
62.88466,122,26348.641802
64.01554,122,26348.641802
57.718464,122,26348.641802
58.642284,122,26348.641802
64.31193,122,26348.641802
59.14918,122,26348.641802
57.36958,122,26425.508128
34.641804,122,26425.508128
41.627277,122,26425.508128
52.911736,122,26425.508128
63.43004,122,26425.508128
58.55314,122,26425.508128
58.99862,122,26499.625137
60.43164,122,26499.625137
59.68033,122,26499.625137
54.537766,122,26499.625137
54.94978,122,26499.625137
57.966858,122,26499.625137
62.699894,122,26593.389354
62.699894,122,26593.389354
62.699894,122,26593.389354
62.699894,122,26593.389354
62.699894,122,26593.389354
62.699894,122,26593.389354
56.41885,122,26667.559943
56.087772,122,26667.559943
55.17503,122,26667.559943
50.371685,122,26667.559943
61.61019,122,26667.559943
11.177962,122,26667.559943
63.707718,122,26742.409197
61.051483,122,26742.409197
61.00137,122,26742.409197
64.28717,122,26742.409197
59.992706,122,26742.409197
64.67347,122,26814.551566
63.168392,122,26814.551566
56.169365,122,26814.551566
49.973602,122,26814.551566
33.992855,122,26814.551566
52.916756,122,26887.81619
59.577248,122,26887.81619
47.98675,122,26887.81619
52.975918,122,26887.81619
79.269554,122,26977.070781
79.269554,122,26977.071782
79.269554,122,26977.071782
79.269554,122,26977.071782
79.269554,122,26977.071782
79.269554,122,26977.071782
32.938766,122,27052.664277
32.67924,122,27052.664277
54.387917,122,27052.664277
64.22318,122,27052.664277
60.474525,122,27052.664277
53.11776,122,27124.798263
58.781998,122,27124.799275
58.83319,122,27124.799275
55.398445,122,27124.799275
31.484858,122,27124.799275
51.38044,122,27197.204543
48.87693,122,27197.204543
54.668625,122,27197.204543
50.10795,122,27197.204543
2036.8584,481,27259.934852
38.29611,122,27270.35248
43.70269,122,27270.35248
54.327072,122,27270.35248
37.077,122,27270.35248
78.54699,122,27361.064059
78.54699,122,27361.064059
78.54699,122,27361.064059
78.54699,122,27361.064059
78.54699,122,27361.064059
78.54699,122,27361.064059
59.50202,122,27435.531899
60.75287,122,27435.531899
63.11134,122,27435.531899
58.273872,122,27435.531899
61.480453,122,27435.531899
51.698814,122,27435.531899
56.75546,122,27510.050057
64.38969,122,27510.050057
64.150955,122,27510.050057
57.02888,122,27510.050057
50.03039,122,27510.050057
63.45573,122,27510.050057
61.0817,122,27584.349672
63.300014,122,27584.349672
28.064526,122,27584.349672
50.435337,122,27584.349672
46.02986,122,27584.349672
48.983215,122,27584.349672
62.02551,122,27658.97947
4.6101546,122,27658.97947
46.635387,122,27658.97947
56.67784,122,27658.97947
57.70773,122,27658.97947
47.314484,122,27658.97947
72.06861,122,27750.345138
72.06861,122,27750.345138
72.06861,122,27750.345138
72.06861,122,27750.346143
72.06861,122,27750.346143
72.06861,122,27750.346143
58.558197,122,27824.514829
62.107613,122,27824.515834
59.23316,122,27824.515834
53.36504,122,27824.515834
54.204983,122,27824.515834
58.5489,122,27897.214266
47.355453,122,27897.215262
59.64102,122,27897.215262
58.516075,122,27897.215262
62.18561,122,27897.215262
57.58633,122,27969.956846
52.051205,122,27969.956846
63.36066,122,27969.956846
55.723663,122,27969.956846
54.070633,122,27969.956846
904.4795,481,28032.980871
55.017742,122,28045.002577
57.277245,122,28045.002577
47.893112,122,28045.002577
54.22229,122,28045.002577
55.385136,122,28045.002577
76.94791,122,28134.517634
76.94791,122,28134.517634
76.94791,122,28134.517634
76.94791,122,28134.517634
76.94791,122,28134.517634
76.94791,122,28134.517634
56.025726,122,28207.625585
55.953587,122,28207.625585
53.60928,122,28207.625585
48.435738,122,28207.625585
50.763687,122,28207.625585
40.84408,122,28280.119645
58.091988,122,28280.119645
26.31941,122,28280.119645
57.879936,122,28280.119645
27.746822,122,28280.119645
55.597126,122,28352.031543
43.4999,122,28352.031543
33.510975,122,28352.031543
36.16461,122,28352.031543
59.649475,122,28352.031543
-60.98021,437,28393.964415
65.120514,122,28428.780527
47.108463,122,28428.780527
45.468433,122,28428.780527
54.176575,122,28428.780527
53.871063,122,28428.780527
75.088585,122,28518.630935
75.088585,122,28518.630935
75.088585,122,28518.630935
75.088585,122,28518.630935
75.088585,122,28518.630935
75.088585,122,28518.630935
57.630386,122,28593.818419
48.316597,122,28593.818419
59.258858,122,28593.818419
62.402363,122,28593.818419
51.573586,122,28593.818419
53.98235,122,28593.818419
61.20744,122,28667.609627
58.06239,122,28667.609627
54.77128,122,28667.609627
53.86965,122,28667.609627
48.48868,122,28667.609627
55.899868,122,28667.609627
35.37502,122,28740.265484
47.784935,122,28740.265484
50.267128,122,28740.265484
65.270905,122,28740.265484
60.458035,122,28809.582126
53.58413,122,28809.582126
53.037876,122,28809.582126
53.702927,122,28809.582126
74.92464,122,28900.343395
74.92464,122,28900.343395
74.92464,122,28900.343395
74.92464,122,28900.343395
74.92464,122,28900.343395
74.92464,122,28900.343395
66.14002,122,28975.95169
57.628082,122,28975.95169
61.12669,122,28975.95169
51.631668,122,28975.95169
51.374462,122,28975.95169
67.7315,122,28975.95169
57.98015,122,29051.483917
56.022526,122,29051.483917
52.16892,122,29051.483917
52.393414,122,29051.483917
52.986977,122,29051.483917
55.476173,122,29051.483917
54.537014,122,29126.949425
51.96629,122,29126.949425
53.204067,122,29126.949425
50.47986,122,29126.949425
51.892933,122,29126.949425
58.81385,122,29126.949425
60.11965,122,29200.714181
53.945297,122,29200.714181
58.23855,122,29200.714181
47.977604,122,29200.714181
48.880344,122,29200.714181
71.52289,122,29290.956653
71.52289,122,29290.956653
71.52289,122,29290.956653
71.52289,122,29290.956653
71.52289,122,29290.956653
71.52289,122,29290.956653
57.69203,122,29363.687982
59.23827,122,29363.687982
44.139114,122,29363.687982
56.389324,122,29363.687982
61.611897,122,29363.687982
56.15203,122,29434.670805
59.678562,122,29434.670805
48.225517,122,29434.670805
61.11846,122,29434.670805
61.86869,122,29504.856961
47.195896,122,29504.856961
52.683327,122,29504.856961
58.825962,122,29504.856961
2130.7698,481,29567.230815
54.289433,122,29578.764535
54.094196,122,29578.764535
64.46872,122,29578.764535
51.426743,122,29578.764535
74.39265,122,29668.308211
74.39265,122,29668.308211
74.39265,122,29668.308211
74.39265,122,29668.308211
74.39265,122,29668.308211
74.39265,122,29668.308211
57.85234,122,29744.01334
45.566124,122,29744.01334
49.81733,122,29744.01334
47.824097,122,29744.01334
53.09269,122,29744.01334
50.013557,122,29744.01334
53.37173,122,29816.6968
58.595287,122,29816.6968
48.204445,122,29816.6968
59.87411,122,29816.6968
55.616463,122,29816.6968
57.311367,122,29889.651932
53.816166,122,29889.651932
49.323147,122,29889.651932
53.46028,122,29889.651932
52.190483,122,29959.091012
46.871292,122,29959.091012
49.59764,122,29959.091012
57.50665,122,29959.091012
73.62665,122,30051.033231
73.62665,122,30051.034233
73.62665,122,30051.034233
73.62665,122,30051.034233
73.62665,122,30051.034233
73.62665,122,30051.034233
58.82042,122,30126.097072
53.087894,122,30126.097072
49.948833,122,30126.097072
37.502163,122,30126.097072
51.66455,122,30126.097072
50.506832,122,30126.097072
56.79872,122,30202.417392
56.75362,122,30202.417392
45.23033,122,30202.417392
48.01441,122,30202.417392
45.5503,122,30202.417392
50.671825,122,30202.417392
51.360016,122,30276.077873
56.239483,122,30276.077873
-2.323938,122,30276.077873
5.9754066,122,30276.077873
60.15829,122,30276.077873
63.60871,122,30276.077873
49.69496,122,30351.991663
55.69516,122,30351.991663
56.568436,122,30351.991663
58.95518,122,30351.991663
61.52534,122,30351.991663
50.57143,122,30351.991663
77.73306,122,30442.859505
77.73306,122,30442.859505
77.73306,122,30442.859505
77.73306,122,30442.859505
77.73306,122,30442.859505
77.73306,122,30442.859505
49.356785,122,30517.146457
58.48423,122,30517.146457
51.251835,122,30517.146457
57.134125,122,30517.146457
59.773876,122,30517.146457
54.71912,122,30589.233273
30.385464,122,30589.233273
57.009,122,30589.233273
53.642544,122,30589.233273
50.346657,122,30589.233273
55.575592,122,30662.179907
44.05394,122,30662.179907
44.259357,122,30662.179907
47.145966,122,30662.179907
53.45936,122,30662.179907
639.0975,481,30726.518233
49.17201,122,30738.473215
57.58327,122,30738.473215
57.15918,122,30738.473215
53.249138,122,30738.473215
48.87528,122,30738.473215
76.77691,122,30829.300311
76.77691,122,30829.300311
76.77691,122,30829.300311
76.77691,122,30829.300311
76.77691,122,30829.300311
76.77691,122,30829.300311
58.88471,122,30904.865398
51.35867,122,30904.865398
49.00758,122,30904.865398
56.495567,122,30904.865398
54.41423,122,30904.865398
57.63128,122,30904.865398
56.29222,122,30980.388487
59.757515,122,30980.388487
66.26824,122,30980.388487
56.689404,122,30980.388487
54.60411,122,30980.388487
54.892296,122,30980.388487
24.762165,122,31055.47689
56.644855,122,31055.47689
61.33416,122,31055.47689
58.438847,122,31055.47689
55.640995,122,31055.47689
42.404537,122,31055.47689
55.774952,122,31129.391285
53.301193,122,31129.391285
44.56209,122,31129.391285
54.878677,122,31129.391285
54.227085,122,31129.391285
75.30575,122,31220.505441
75.30575,122,31220.505441
75.30575,122,31220.505441
75.30575,122,31220.505441
75.30575,122,31220.505441
75.30575,122,31220.505441
52.366154,122,31296.155678
64.04014,122,31296.155678
56.85171,122,31296.155678
63.752323,122,31296.155678
59.876247,122,31296.155678
45.998486,122,31296.155678
61.20355,122,31367.2242
54.015327,122,31367.2242
53.459213,122,31367.2242
62.244198,122,31435.810545
63.64936,122,31435.810545
52.59046,122,31435.810545
54.123447,122,31503.766571
-46.169216,122,31503.766571
55.85923,122,31503.766571
82.81625,122,31593.185605
82.81625,122,31593.185605
82.81625,122,31593.185605
82.81625,122,31593.185605
82.81625,122,31593.185605
82.81625,122,31593.185605
51.88184,122,31667.261718
-28.018137,122,31667.261718
60.550346,122,31667.261718
51.850777,122,31667.261718
43.795444,122,31667.261718
60.65153,122,31738.713708
47.11546,122,31738.713708
56.807285,122,31738.713708
54.672615,122,31738.713708
47.872032,122,31809.52332
64.88153,122,31809.52332
57.939117,122,31809.52332
57.70751,122,31809.52332
1287.6382,481,31872.49241
64.37429,122,31883.562163
56.91924,122,31883.562163
37.765186,122,31883.562163
40.30543,122,31883.562163
82.059166,122,31973.35182
82.059166,122,31973.35182
82.059166,122,31973.35182
82.059166,122,31973.35182
82.059166,122,31973.35182
82.059166,122,31973.35182
45.89155,122,32047.154087
54.945686,122,32047.154087
52.17732,122,32047.154087
55.632797,122,32047.154087
55.082954,122,32047.154087
47.581444,122,32120.413018
48.4735,122,32120.413018
63.932076,122,32120.413018
60.305847,122,32120.413018
33.810078,122,32120.413018
55.54734,122,32194.156707
61.284412,122,32194.156707
53.18548,122,32194.156707
61.340733,122,32194.156707
44.53283,122,32194.156707
948.5319,481,32258.377113
59.533573,122,32270.577275
44.202526,122,32270.577275
46.05727,122,32270.577275
46.40457,122,32270.577275
77.06583,122,32360.518656
77.06583,122,32360.518656
77.06583,122,32360.518656
77.06583,122,32360.518656
77.06583,122,32360.518656
77.06583,122,32360.518656
41.834064,122,32435.908154
45.336502,122,32435.908154
68.39144,122,32435.908154
51.784256,122,32435.908154
57.36868,122,32435.908154
57.84632,122,32435.908154
53.12184,122,32510.597828
21.455685,122,32510.597828
43.642757,122,32510.597828
59.92423,122,32510.597828
-27.149107,122,32510.597828
58.405758,122,32583.380119
53.804382,122,32583.380119
46.33663,122,32583.380119
66.31974,122,32583.380119
63.30534,122,32583.380119
22.272982,122,32657.205306
58.67472,122,32657.205306
33.001026,122,32657.205306
62.071835,122,32657.205306
65.63212,122,32657.205306
77.84541,122,32748.396265
77.84541,122,32748.396265
77.84541,122,32748.396265
77.84541,122,32748.396265
77.84541,122,32748.396265
77.84541,122,32748.396265
60.36692,122,32823.003389
53.907246,122,32823.003389
47.813816,122,32823.003389
42.35488,122,32823.003389
55.75719,122,32823.003389
43.838726,122,32894.760904
60.046837,122,32894.760904
60.02898,122,32894.760904
44.905136,122,32894.760904
60.02163,122,32894.760904
61.676723,122,32967.043929
40.454613,122,32967.043929
57.408833,122,32967.043929
35.30287,122,32967.043929
26.822544,122,32967.043929
1167.429,481,33030.642089
44.59885,122,33043.377875
55.127743,122,33043.377875
51.94249,122,33043.377875
56.575054,122,33043.377875
44.275707,122,33043.377875
62.460075,122,33134.124302
62.460075,122,33134.124302
62.460075,122,33134.124302
62.460075,122,33134.124302
62.460075,122,33134.124302
62.460075,122,33134.124302
57.151047,122,33209.603358
39.959145,122,33209.603358
38.532494,122,33209.603358
54.994156,122,33209.603358
53.755054,122,33209.603358
54.773453,122,33209.603358
45.66649,122,33283.780265
49.73738,122,33283.780265
54.193783,122,33283.780265
49.030884,122,33283.780265
51.23562,122,33283.780265
44.084232,122,33356.214983
58.359406,122,33356.214983
47.728424,122,33356.214983
30.758165,122,33356.214983
58.675102,122,33356.214983
45.89842,122,33429.154036
49.08429,122,33429.154036
59.1465,122,33429.154036
41.615993,122,33429.154036
45.449203,122,33429.154036
67.73525,122,33520.798029
67.73525,122,33520.798029
67.73525,122,33520.798029
67.73525,122,33520.798029
67.73525,122,33520.798029
67.73525,122,33520.798029
17.078577,122,33596.764947
64.30346,122,33596.764947
58.474422,122,33596.764947
48.882996,122,33596.764947
57.161213,122,33596.765948
61.022697,122,33669.298491
39.691463,122,33669.298491
44.616867,122,33669.298491
54.355804,122,33669.298491
67.67094,122,33669.298491
55.817116,122,33743.248978
46.232018,122,33743.248978
47.03251,122,33743.248978
59.956158,122,33743.248978
32.612278,122,33743.248978
1531.6694,481,33807.451644
47.987362,122,33819.455806
43.6163,122,33819.455806
33.40389,122,33819.455806
39.85469,122,33819.455806
44.25067,122,33819.455806
77.75713,122,33910.444451
77.75713,122,33910.444451
77.75713,122,33910.444451
77.75713,122,33910.444451
77.75713,122,33910.444451
77.75713,122,33910.444451
34.378147,122,33985.503623
30.662294,122,33985.503623
43.60164,122,33985.503623
44.507774,122,33985.503623
54.556614,122,33985.503623
53.919952,122,33985.503623
53.63602,122,34062.386801
64.5724,122,34062.386801
56.48441,122,34062.386801
46.7505,122,34062.386801
62.833122,122,34062.386801
44.330517,122,34062.386801
55.773464,122,34137.011855
5.669758,122,34137.011855
48.02539,122,34137.011855
44.2767,122,34137.011855
34.053673,122,34137.011855
50.451313,122,34137.011855
61.88742,122,34212.735056
43.129333,122,34212.735056
62.572086,122,34212.735056
26.348146,122,34212.735056
33.344986,122,34212.735056
56.905884,122,34212.735056
71.7581,122,34303.16587
71.7581,122,34303.16587
71.7581,122,34303.16587
71.7581,122,34303.16587
71.7581,122,34303.16587
71.7581,122,34303.16587
52.942772,122,34378.885837
48.766277,122,34378.885837
51.761868,122,34378.885837
42.326035,122,34378.885837
53.41963,122,34378.885837
35.837944,122,34378.885837
37.75931,122,34453.778364
47.622498,122,34453.779363
51.120377,122,34453.779363
53.010193,122,34453.779363
52.354485,122,34453.779363
26.122286,122,34453.779363
47.240376,122,34530.059869
43.833725,122,34530.059869
57.399536,122,34530.060869
62.896038,122,34530.060869
54.357433,122,34530.060869
47.43706,122,34530.060869
45.18844,122,34604.07002
59.605743,122,34604.07002
43.71289,122,34604.07002
-16.256773,122,34604.07002
58.2476,122,34604.07002
58.578495,122,34604.07002
64.30388,122,34695.061747
64.30388,122,34695.061747
64.30388,122,34695.061747
64.30388,122,34695.061747
64.30388,122,34695.061747
64.30388,122,34695.061747
40.108353,122,34767.74053
48.209133,122,34767.74053
21.64239,122,34767.74053
60.35983,122,34767.74053
50.621944,122,34838.383395
51.19699,122,34838.383395
35.270737,122,34838.383395
32.53955,122,34838.383395
56.34155,122,34909.097083
55.12185,122,34909.097083
44.630535,122,34909.097083
48.281185,122,34909.097083
2110.9333,481,34973.906714
1808.5537,481,34973.906714
37.235146,122,34985.364531
48.333565,122,34985.364531
59.603935,122,34985.364531
53.83972,122,34985.364531
65.03072,122,35074.080369
65.03072,122,35074.080369
65.03072,122,35074.080369
65.03072,122,35074.080369
65.03072,122,35074.080369
65.03072,122,35074.080369
36.488087,122,35149.81804
51.75484,122,35149.81804
36.359753,122,35149.819039
45.728477,122,35149.819039
50.90455,122,35149.819039
38.40889,122,35149.819039
-41.491337,122,35224.660979
40.208256,122,35224.660979
37.159138,122,35224.660979
2.1291292,122,35224.660979
49.466595,122,35224.660979
40.38965,122,35224.660979
44.772762,122,35298.803435
58.411575,122,35298.803435
53.69548,122,35298.803435
54.40259,122,35298.803435
48.747326,122,35298.803435
33.462463,122,35371.57362
47.610954,122,35371.574558
41.091324,122,35371.574558
9.317766,122,35371.574558
36.662483,122,35371.574558
69.52201,122,35462.712739
69.52201,122,35462.712739
69.52201,122,35462.712739
69.52201,122,35462.712739
69.52201,122,35462.712739
69.52201,122,35462.712739
36.708775,122,35537.60126
39.95074,122,35537.60126
51.887188,122,35537.60126
54.77756,122,35537.60126
51.726025,122,35537.60126
58.761494,122,35610.615809
19.106638,122,35610.615809
56.346672,122,35610.615809
50.9301,122,35610.615809
48.513054,122,35610.615809
55.000202,122,35684.12679
30.436197,122,35684.12679
47.47744,122,35684.12679
16.024796,122,35684.12679
48.78067,122,35684.12679
60.93971,424,35719.634643
54.282497,122,35760.950559
61.442116,122,35760.950559
11.936688,122,35760.950559
52.410713,122,35760.950559
31.878922,122,35760.950559
64.18207,122,35852.235025
64.18207,122,35852.235025
64.18207,122,35852.235025
64.18207,122,35852.235025
64.18207,122,35852.235025
64.18207,122,35852.235025
41.756863,122,35926.804308
44.4338,122,35926.804308
51.922688,122,35926.804308
37.99604,122,35926.804308
33.60796,122,35926.804308
54.49791,122,35926.804308
47.44543,122,36003.170716
51.480408,122,36003.170716
49.658314,122,36003.170716
56.84415,122,36003.170716
57.282448,122,36003.170716
56.935112,122,36003.170716
36.98636,122,36078.197489
16.343628,122,36078.197489
28.220379,122,36078.197489
40.57303,122,36078.197489
44.532078,122,36078.197489
-13.15073,122,36078.197489
39.87823,122,36154.688448
37.379814,122,36154.688448
42.482857,122,36154.688448
46.422913,122,36154.688448
26.957525,122,36154.688448
53.518223,122,36154.688448
69.20261,122,36245.471041
69.20261,122,36245.471041
69.20261,122,36245.471041
69.20261,122,36245.471041
69.20261,122,36245.471041
69.20261,122,36245.471041
36.28211,122,36321.697503
42.904568,122,36321.697503
43.740036,122,36321.697503
57.94408,122,36321.697503
30.572716,122,36321.697503
60.92444,122,36321.697503
44.4415,122,36396.787828
56.129837,122,36396.787828
25.824642,122,36396.787828
58.159916,122,36396.787828
42.849873,122,36396.787828
54.59928,122,36396.787828
53.575436,122,36473.446021
46.308224,122,36473.446021
59.480488,122,36473.446021
34.7439,122,36473.446021
59.683037,122,36473.446021
42.93112,122,36473.446021
43.82799,122,36548.255927
51.553913,122,36548.255927
57.732765,122,36548.255927
41.011093,122,36548.255927
39.684082,122,36548.256927
40.456512,122,36548.256927
61.341896,122,36640.501074
61.341896,122,36640.501074
61.341896,122,36640.501074
61.341896,122,36640.501074
61.341896,122,36640.501074
61.341896,122,36640.501074
52.148273,122,36716.093471
44.616924,122,36716.093471
57.74407,122,36716.093471
56.145847,122,36716.093471
46.55892,122,36716.093471
46.77038,122,36716.093471
57.409386,122,36792.960043
42.620064,122,36792.960043
47.739006,122,36792.960043
43.047497,122,36792.960043
38.86156,122,36792.960043
18.29143,122,36792.960043
53.852287,122,36868.089484
48.976143,122,36868.089484
51.972874,122,36868.089484
65.12402,122,36868.089484
55.531403,122,36868.089484
41.605667,122,36868.089484
31.41276,122,36945.394834
43.15485,122,36945.394834
53.471504,122,36945.394834
51.095234,122,36945.394834
48.982643,122,36945.394834
43.866123,122,36945.394834
67.17372,122,37036.912581
67.17372,122,37036.913582
67.17372,122,37036.913582
67.17372,122,37036.913582
67.17372,122,37036.913582
67.17372,122,37036.913582
53.752792,122,37112.018821
38.430626,122,37112.018821
13.636419,122,37112.018821
31.769865,122,37112.018821
-10.973216,122,37112.018821
54.637344,122,37185.480278
47.824318,122,37185.480278
51.689068,122,37185.480278
24.305912,122,37185.480278
54.27707,122,37185.481278
48.235565,122,37259.688879
50.549156,122,37259.688879
47.332825,122,37259.688879
47.579575,122,37259.688879
47.030533,122,37259.688879
2254.19,481,37324.219846
36.14774,122,37336.455661
43.52465,122,37336.455661
53.639362,122,37336.455661
53.193493,122,37336.455661
62.03025,122,37336.455661
71.39476,122,37427.278743
71.39476,122,37427.278743
71.39476,122,37427.278743
71.39476,122,37427.278743
71.39476,122,37427.278743
71.39476,122,37427.278743
56.787407,122,37503.393915
49.012375,122,37503.393915
57.52069,122,37503.393915
59.722683,122,37503.393915
61.30378,122,37503.393915
47.36436,122,37503.393915
55.87697,122,37579.896762
30.669605,122,37579.896762
56.876736,122,37579.896762
49.071945,122,37579.896762
59.951504,122,37579.896762
54.104156,122,37579.896762
40.154625,122,37655.706304
61.515423,122,37655.706304
61.841244,122,37655.706304
49.256596,122,37655.706304
56.74399,122,37655.706304
51.41078,122,37655.706304
52.30823,122,37731.995854
17.479464,122,37731.995854
57.993553,122,37731.995854
1.9447331,122,37731.995854
45.309937,122,37731.995854
41.905197,122,37731.995854
71.88361,122,37823.349239
71.88361,122,37823.349239
71.88361,122,37823.349239
71.88361,122,37823.349239
71.88361,122,37823.349239
71.88361,122,37823.349239
64.29949,122,37899.314678
55.93119,122,37899.314678
43.004005,122,37899.314678
66.67643,122,37899.314678
55.433,122,37899.314678
58.352962,122,37899.314678
56.33457,122,37974.857732
68.57136,122,37974.857732
62.254753,122,37974.857732
62.235264,122,37974.857732
53.961132,122,37974.857732
64.39556,122,37974.857732
54.855328,122,38051.116911
51.508484,122,38051.116911
53.20732,122,38051.116911
55.741074,122,38051.116911
45.84636,122,38051.116911
48.779144,122,38051.116911
32.679497,122,38125.557612
34.774124,122,38125.558616
9.902527,122,38125.558616
33.32556,122,38125.558616
42.570683,122,38125.558616
66.376526,122,38216.876956
66.376526,122,38216.876956
66.376526,122,38216.876956
66.376526,122,38216.876956
66.376526,122,38216.877956
66.376526,122,38216.877956
51.946777,122,38293.066259
10.85172,122,38293.066259
26.319227,122,38293.066259
52.57771,122,38293.066259
39.28966,122,38293.066259
49.904785,122,38293.066259
55.69803,122,38368.391757
64.87494,122,38368.391757
62.23341,122,38368.391757
61.5484,122,38368.391757
62.33708,122,38368.391757
61.396248,122,38440.814933
56.57174,122,38440.814933
55.391125,122,38440.814933
53.36375,122,38440.814933
62.50131,122,38512.164897
40.188965,122,38512.164897
61.826298,122,38512.164897
66.036804,122,38512.164897
72.294556,122,38602.277822
72.294556,122,38602.277822
72.294556,122,38602.277822
72.294556,122,38602.277822
72.294556,122,38602.277822
72.294556,122,38602.277822
62.238922,122,38677.300236
53.991093,122,38677.300236
52.97495,122,38677.300236
48.387573,122,38677.300236
57.92589,122,38677.300236
58.44464,122,38750.139691
46.3811,122,38750.139691
47.811882,122,38750.139691
54.977337,122,38750.139691
46.316334,122,38750.139691
46.78244,122,38824.85799
52.308872,122,38824.85799
42.211098,122,38824.85799
56.95335,122,38824.85799
49.75922,122,38824.85799
822.03467,481,38889.26499
53.052425,122,38900.109195
52.58175,122,38900.109195
54.119,122,38900.109195
54.972374,122,38900.109195
75.33221,122,38990.313793
75.33221,122,38990.313793
75.33221,122,38990.313793
75.33221,122,38990.313793
75.33221,122,38990.313793
75.33221,122,38990.313793
52.615715,122,39065.82961
55.024864,122,39065.82961
52.64391,122,39065.82961
51.75012,122,39065.82961
49.943775,122,39065.82961
40.808598,122,39065.82961
37.61299,122,39142.72109
61.06151,122,39142.72109
44.062157,122,39142.72109
49.468204,122,39142.72109
-16.95339,122,39142.72109
33.65768,122,39142.72109
58.07799,122,39218.280189
58.88163,122,39218.280189
54.936153,122,39218.280189
50.148167,122,39218.280189
60.739212,122,39218.280189
56.90726,122,39218.280189
56.698883,122,39295.320057
20.69646,122,39295.320057
46.92256,122,39295.320057
2.5544133,122,39295.320057
20.87104,122,39295.320057
56.35451,122,39295.320057
62.53923,122,39386.3647
62.53923,122,39386.3647
62.53923,122,39386.3647
62.53923,122,39386.3647
62.53923,122,39386.3647
62.53923,122,39386.3647
58.22386,122,39462.702256
37.762722,122,39462.702256
51.906563,122,39462.702256
18.267694,122,39462.702256
46.777794,122,39462.702256
42.492348,122,39462.702256
44.44774,122,39537.224102
66.8997,122,39537.224102
64.09583,122,39537.224102
63.759796,122,39537.224102
56.526016,122,39537.224102
54.34698,122,39610.429842
58.126316,122,39610.429842
58.212097,122,39610.429842
50.82779,122,39610.429842
47.26899,122,39682.099581
9.937181,122,39682.099581
46.241917,122,39682.099581
31.99667,122,39682.099581
69.444885,122,39772.919554
69.444885,122,39772.919554
69.444885,122,39772.919554
69.444885,122,39772.919554
69.444885,122,39772.919554
69.444885,122,39772.919554
54.621254,122,39846.243516
54.284874,122,39846.243516
55.61293,122,39846.243516
64.49348,122,39913.023517
57.020927,122,39913.023517
53.6684,122,39980.679064
48.221565,122,39980.680063
51.34856,423,40013.48472
51.162613,449,40030.345119
1438.4368,481,40050.627016
43.835915,122,40058.684998
47.117496,122,40058.684998
